INSERT INTO giocatori (idgiocatore, username, password, cf, nome, cognome) VALUES
(NULL, 'aliceW', 'pwdAlice1', 'WHTLCA80A01H501T', 'Alice', 'White'),
(NULL, 'bobM', 'pwdBob2', 'MRTBBN85M01H501B', 'Bob', 'Martin'),
(NULL, 'charlieS', 'pwdCharlie3', 'SMTHCL90L01H501S', 'Charlie', 'Smith'),
(NULL, 'davidJ', 'pwdDavid4', 'JHNSND80D01H501J', 'David', 'Johnson'),
(NULL, 'evaB', 'pwdEva5', 'BRNEVA85E01H501B', 'Eva', 'Brown'),
(NULL, 'frankT', 'pwdFrank6', 'TLYFRK70F01H501T', 'Frank', 'Taylor'),
(NULL, 'graceH', 'pwdGrace7', 'HRSGRC80G01H501H', 'Grace', 'Harris'),
(NULL, 'henryC', 'pwdHenry8', 'CLRHRY85H01H501C', 'Henry', 'Clark'),
(NULL, 'isabelL', 'pwdIsabel9', 'LWSISB80I01H501L', 'Isabel', 'Lewis'),
(NULL, 'jackD', 'pwdJack10', 'DVSJCK75J01H501D', 'Jack', 'Davis'),
(NULL, 'kateR', 'pwdKate11', 'RBKATE80K01H501R', 'Kate', 'Robinson'),
(NULL, 'leoW', 'pwdLeo12', 'WKLLEO85L01H501W', 'Leo', 'Walker'),
(NULL, 'maryH', 'pwdMary13', 'HLLMRY80M01H501H', 'Mary', 'Hall'),
(NULL, 'nickA', 'pwdNick14', 'LLNNCK75N01H501A', 'Nick', 'Allen'),
(NULL, 'oliviaM', 'pwdOlivia15', 'MTCOLV80O01H501M', 'Olivia', 'Mitchell'),
(NULL, 'paulY', 'pwdPaul16', 'YNGPUL85P01H501Y', 'Paul', 'Young'),
(NULL, 'quinnS', 'pwdQuinn17', 'SCTQNN80Q01H501S', 'Quinn', 'Scott'),
(NULL, 'roseP', 'pwdRose18', 'PRZROS85R01H501P', 'Rose', 'Perez'),
(NULL, 'samG', 'pwdSam19', 'GRNSAM70S01H501G', 'Sam', 'Green'),
(NULL, 'tinaK', 'pwdTina20', 'KNGTNA80T01H501K', 'Tina', 'King'),
(NULL, 'ulrichH', 'pwdUlrich21', 'HLLRCH75U01H501H', 'Ulrich', 'Hill'),
(NULL, 'victorE', 'pwdVictor22', 'EDWVCT80V01H501E', 'Victor', 'Edwards'),
(NULL, 'wallyT', 'pwdWally23', 'THMWLY85W01H501T', 'Wally', 'Thomas'),
(NULL, 'xenaB', 'pwdXena24', 'BKRXEN80X01H501B', 'Xena', 'Baker'),
(NULL, 'yaraS', 'pwdYara25', 'SMSYRA85Y01H501S', 'Yara', 'Simmons'),
(NULL, 'zaneC', 'pwdZane26', 'CRTZNZ80Z01H501C', 'Zane', 'Carter'),
(NULL, 'adamP', 'pwdAdam27', 'PRKADM75A01H501P', 'Adam', 'Parker'),
(NULL, 'bellaW', 'pwdBella28', 'WRTBLL80B01H501W', 'Bella', 'Wright'),
(NULL, 'chrisM', 'pwdChris29', 'MRCCHS85C01H501M', 'Chris', 'Moore'),
(NULL, 'dianaJ', 'pwdDiana30', 'JCKDAN90D01H501J', 'Diana', 'Jackson'),
(NULL, 'edgarR', 'pwdEdgar31', 'RBRDGR80E01H501R', 'Edgar', 'Roberts'),
(NULL, 'fionaC', 'pwdFiona32', 'CLNFNA85F01H501C', 'Fiona', 'Collins'),
(NULL, 'georgeD', 'pwdGeorge33', 'DVSGRG75G01H501D', 'George', 'Davies'),
(NULL, 'hannahL', 'pwdHannah34', 'LWSHNH80H01H501L', 'Hannah', 'Lewis'),
(NULL, 'ianW', 'pwdIan35', 'WLWIAN85I01H501W', 'Ian', 'Wilson'),
(NULL, 'janeH', 'pwdJane36', 'HRRJNE75J01H501H', 'Jane', 'Harris'),
(NULL, 'kevinB', 'pwdKevin37', 'BNNKVN80K01H501B', 'Kevin', 'Bennett'),
(NULL, 'lauraG', 'pwdLaura38', 'GRYLRA85L01H501G', 'Laura', 'Gray'),
(NULL, 'michaelH', 'pwdMichael39', 'HGHMCL80M01H501H', 'Michael', 'Hughes'),
(NULL, 'ninaM', 'pwdNina40', 'MRYNNA85N01H501M', 'Nina', 'Murray'),
(NULL, 'oscarW', 'pwdOscar41', 'WLLSCR80O01H501W', 'Oscar', 'Williams'),
(NULL, 'pamelaJ', 'pwdPamela42', 'JNSPML85P01H501J', 'Pamela', 'Jones'),
(NULL, 'quentinS', 'pwdQuentin43', 'SNTQNT80Q01H501S', 'Quentin', 'Santos'),
(NULL, 'rachelC', 'pwdRachel44', 'CLRCHL85R01H501C', 'Rachel', 'Carter'),
(NULL, 'steveN', 'pwdSteve45', 'NVSSTV80S01H501N', 'Steve', 'Navarro'),
(NULL, 'tanyaB', 'pwdTanya46', 'BRTTNY85T01H501B', 'Tanya', 'Barrett'),
(NULL, 'ursulaD', 'pwdUrsula47', 'DVURSA80U01H501D', 'Ursula', 'Davenport'),
(NULL, 'victoriaH', 'pwdVictoria48', 'HRRVCT85V01H501H', 'Victoria', 'Hernandez'),
(NULL, 'williamK', 'pwdWilliam49', 'KNWWLL80W01H501K', 'William', 'Knowles'),
(NULL, 'yasmineO', 'pwdYasmine50', 'ONYYSM85Y01H501O', 'Yasmine', 'Ortega');

INSERT INTO organizzatori (idadmin, nome, cognome, cf, username, password) VALUES 
(NULL, 'Giorgio', 'Brighi', 'GBDNEFN3944N4UB4', 'admin', 'root');

INSERT INTO sedi (indirizzo, indicazioni) VALUES 
('Via Garibaldi, 34, Bologna', 'Vicino alla piazza centrale.'),
('Corso Vittorio Emanuele, 12, Bari', 'Di fronte al teatro comunale.'),
('Via del Corso, 89, Roma', 'Accanto alla libreria storica.'),
('Piazza del Duomo, 1, Milano', 'Dietro alla cattedrale principale.');

INSERT INTO arbitri (numtessera, nome, cognome, cf , username, password) VALUES 
(NULL, 'Marco', 'Rossi', 'RSSMRC75A01H501Z', 'marco.rossi', 'r4U9J5kLnHqZcB8x1D0FmNnQzY7gP4Tr'),
(NULL, 'Luca', 'Verdi', 'VRDLUC85B10F205N', 'luca.verdi', 'D3tL0xR2qV1WpS8zA6F9GnYkU0bI7H5m'),
(NULL, 'Giulia', 'Bianchi', 'BNCGLI92C12C532S', 'giulia.bianchi', 'Y9T1WqF4cK6mR3Z7N8pL0gX2V5dQ9J1r'),
(NULL, 'Francesco', 'Neri', 'NRIFNC70D20E121R', 'francesco.neri', 'P6kQ1L7nC3X9zA0gV8tW4H2yR5mJ8B1d'),
(NULL, 'Elena', 'Russo', 'RSSENN80E15L845P', 'elena.russo', 'V7Z9tR2wN6mL0Q5gX3pF1D8kY4J3B2c'),
(NULL, 'Matteo', 'Ferrari', 'FRRMTE90F25C151T', 'matteo.ferrari', 'N3mL9P7yX6T1kW2rF4G8dV0zQ5J3C2n'),
(NULL, 'Sara', 'Esposito', 'SPSRSE85G10B013M', 'sara.esposito', 'Q4X9tW7pN3K2gL8dF1J6mR0yV5Z1C7n'),
(NULL, 'Davide', 'Conti', 'CNTDVD85H25D963O', 'davide.conti', 'L2J8P1rQ7V6X3mK5gF0Y9W4dT3B9Z6n'),
(NULL, 'Anna', 'Galli', 'GLLNNA90I15E098U', 'anna.galli', 'B1D4tN6mR9J3X7kP2G8L5Y0W9F3Q1Z2c'),
(NULL, 'Giovanni', 'Romano', 'RMNGVN95L30H211E', 'giovanni.romano', 'Z2P9tQ4W7mL8X1gN3F0V5J6kY3R9C7d'),
(NULL, 'Chiara', 'Marini', 'MRNCHR70D15C351B', 'chiara.marini', 'R5X1W9pQ2J7tL3mV8G6F0K4nY3B9C2d'),
(NULL, 'Pierluigi', 'Collina', 'PRLCLLIDWE56N345', 'ref', 'root');

INSERT INTO gestione (indirizzo, numtessera) VALUES 
('Via Garibaldi, 34, Bologna', 1),
('Via Garibaldi, 34, Bologna', 2),
('Via Garibaldi, 34, Bologna', 3),
('Via Garibaldi, 34, Bologna', 4),
('Corso Vittorio Emanuele, 12, Bari', 5),
('Corso Vittorio Emanuele, 12, Bari', 6),
('Corso Vittorio Emanuele, 12, Bari', 7),
('Corso Vittorio Emanuele, 12, Bari', 8),
('Piazza del Duomo, 1, Milano', 9),
('Piazza del Duomo, 1, Milano', 10),
('Piazza del Duomo, 1, Milano', 11),
('Piazza del Duomo, 1, Milano', 12);

INSERT INTO giocatori (idgiocatore, nome, cognome, cf , username, password)
VALUES (NULL, 'Pino', 'Bianchi', 'PNIBNCIDWE56N345', 'player', 'root');